,MMM,AOS,ABT,ABBV,ACN,ADBE,AMD,AES,AFL,A,APD,ABNB,AKAM,ALB,ARE,ALGN,ALLE,LNT,ALL,GOOGL,GOOG,MO,AMZN,AMCR,AMTM,AEE,AEP,AXP,AIG,AMT,AWK,AMP,AME,AMGN,APH,ADI,ANSS,AON,APA,AAPL,AMAT,APTV,ACGL,ADM,ANET,AJG,AIZ,T,ATO,ADSK,ADP,AZO,AVB,AVY,AXON,BKR,BALL,BAC,BAX,BDX,BBY,TECH,BIIB,BLK,BX,BK,BA,BKNG,BWA,BSX,BMY,AVGO,BR,BRO,BLDR,BG,BXP,CHRW,CDNS,CZR,CPT,CPB,COF,CAH,KMX,CCL,CARR,CTLT,CAT,CBOE,CBRE,CDW,CE,COR,CNC,CNP,CF,CRL,SCHW,CHTR,CVX,CMG,CB,CHD,CI,CINF,CTAS,CSCO,C,CFG,CLX,CME,CMS,KO,CTSH,CL,CMCSA,CAG,COP,ED,STZ,CEG,COO,CPRT,GLW,CPAY,CTVA,CSGP,COST,CTRA,CRWD,CCI,CSX,CMI,CVS,DHR,DRI,DVA,DAY,DECK,DE,DELL,DAL,DVN,DXCM,FANG,DLR,DFS,DG,DLTR,D,DPZ,DOV,DOW,DHI,DTE,DUK,DD,EMN,ETN,EBAY,ECL,EIX,EW,EA,ELV,EMR,ENPH,ETR,EOG,EPAM,EQT,EFX,EQIX,EQR,ERIE,ESS,EL,EG,EVRG,ES,EXC,EXPE,EXPD,EXR,XOM,FFIV,FDS,FICO,FAST,FRT,FDX,FIS
2024-12-10,61.74641,40.528934,55.99958,94.43734,220.09601,255.0992,106.284225,3.4559777,81.18423,77.42969,148.79176,34.391804,24.62367,59.961468,16.842447,94.72752,52.631676,22.839575,126.57165,111.47399,112.91679,24.52639,123.48987,2.1095033,1.6638346,32.34152,28.688812,221.418,54.917603,52.19395,40.073925,455.92285,128.27365,94.614815,52.84557,135.53743,157.50371,225.36691,18.954361,176.87852,139.42036,4.368668,77.226776,24.978935,82.19026,228.34239,140.32144,10.455817,64.13147,161.28731,183.36961,2346.5583,110.75694,126.327805,606.0499,32.11941,19.386543,28.3796,2.3325665,26.65884,39.560436,34.476368,9.308142,655.5766,146.70316,50.683857,58.724873,3854.818,17.146807,61.282196,19.812359,142.34831,142.99393,74.905174,170.40892,59.202885,35.224426,45.805676,246.21994,7.1991396,58.327602,7.1433587,137.57697,78.13125,40.75056,19.869364,35.67641,29.804895,295.30905,131.81151,101.44863,51.826675,13.032281,163.13431,14.282368,19.568598,72.2261,98.28213,55.433475,140.05669,107.17448,52.69996,186.87726,47.811504,201.44771,103.846275,173.30432,26.295292,36.945225,25.310959,53.38556,98.790764,20.557175,27.107008,40.007133,38.187847,14.359772,3.1753104,80.58283,33.818645,133.65533,167.70126,42.22629,45.99726,29.281057,205.57727,17.55765,28.86033,665.6079,13.396397,261.347,19.275675,19.422773,262.4856,5.599855,132.34778,129.75638,97.92621,34.530693,175.988,331.8991,93.67991,42.12058,32.568054,31.636908,147.91803,101.26973,146.14633,5.9376235,7.812467,19.098856,206.99031,130.34554,2.3028257,138.24312,61.073875,50.1616,53.025673,67.92942,298.8554,39.084385,119.79241,40.219543,20.009848,74.94469,230.40894,90.912575,14.130397,71.51925,99.63207,74.309944,39.83083,156.80327,461.04742,30.778967,312.8318,127.919525,10.791858,224.12515,19.832932,10.995198,18.043125,141.7001,66.41602,97.86285,80.60451,153.79611,266.25116,2036.4019,50.942417,51.037037,193.98752,39.0491
2024-12-11,61.712135,40.536354,56.17528,94.08371,221.08504,254.76826,106.2162,3.479291,81.84707,77.16747,149.39029,34.251522,24.50152,60.122944,16.842678,96.3135,52.84961,22.827826,127.28179,112.39744,113.850006,24.710108,124.10495,2.0966117,1.6841142,32.476654,28.641573,222.80211,55.24344,51.83094,39.960327,459.7062,129.46883,94.89298,53.21276,135.68993,157.67427,227.17584,18.92093,177.51576,139.53712,4.360474,77.57484,24.919786,82.41147,229.75844,141.1439,10.430704,64.61838,162.74988,184.78159,2360.301,111.366714,126.678955,606.4054,32.43429,19.331444,28.564823,2.333663,26.748983,39.46391,34.369694,9.361996,661.2848,147.80247,50.986515,58.79026,3883.1265,17.13836,61.72419,19.722599,143.18118,143.89241,75.51886,171.33376,59.31241,35.132664,46.16834,248.05301,7.203866,58.140263,7.1145787,138.6918,78.702545,40.49622,19.789064,35.85842,29.804028,296.92163,132.10411,102.061,51.88647,13.043959,164.33272,14.284008,19.666752,72.35221,98.42692,55.63989,140.54805,107.852036,52.898533,187.97252,48.18355,202.5644,104.53187,174.58813,26.386072,37.03641,25.4107,53.233837,98.83121,20.614809,27.129723,40.074696,38.161995,14.342669,3.1956708,81.41345,33.815514,134.38972,167.05594,42.20357,46.172863,29.428568,206.70926,17.448898,28.69055,669.128,13.392575,262.84406,19.588745,19.55434,264.2036,5.568659,132.52785,130.55634,98.18666,34.689476,176.64883,332.04944,94.415535,42.501648,32.518017,31.4933,149.10124,101.740074,147.3139,5.889086,7.7530775,19.049643,206.3235,131.38461,2.3132515,138.71988,61.118347,50.342285,53.329357,68.0821,300.9744,39.113342,120.32447,40.43133,19.932932,75.55659,230.60533,91.535385,14.112963,72.06249,100.545006,74.84375,40.10968,156.86961,462.13635,30.774418,312.9466,128.31483,10.674869,224.95088,19.890753,10.985934,18.051012,142.42046,66.718544,97.83698,81.39521,154.76468,268.46985,2051.8757,51.385384,51.122528,195.76122,39.08088
2024-12-12,61.910206,40.68405,56.471058,94.269806,222.45476,255.67189,106.458786,3.4988716,82.57325,77.409065,150.821,34.35926,24.5073,60.544895,16.547039,95.72635,53.155434,23.03279,128.51723,112.93385,114.40004,24.976564,124.89773,2.1058695,1.663131,32.791813,28.827154,224.91472,55.648087,52.08225,40.215134,464.1988,130.7821,94.82393,53.684002,136.33154,158.70372,229.26129,19.02776,178.96143,139.8161,4.7122107,78.034935,25.0781,82.96143,231.88692,142.64787,10.481863,65.25209,163.85818,186.46204,2378.2275,112.15725,127.370316,612.8282,32.763412,19.476328,28.84546,2.4978287,26.96492,39.62384,34.493835,10.033968,666.8318,149.19945,51.451622,58.82508,3921.8904,17.189566,62.30666,19.817408,143.8333,145.28648,76.216606,172.53491,59.60407,35.36029,46.423687,250.4279,7.230066,58.39344,7.150753,140.07236,79.46726,40.72026,19.88431,36.146503,30.045774,299.29166,133.14151,102.91766,52.018177,12.909656,165.8188,14.398723,19.857288,72.77744,99.312675,56.108963,141.75175,108.587875,53.308605,189.48909,48.6813,204.149,105.56497,176.20221,26.579275,37.28578,25.603155,53.551598,99.57174,20.76754,27.26563,40.3077,38.43688,14.417785,3.1932204,81.78175,34.018784,135.15945,168.06363,42.37501,46.616287,29.656002,208.86464,17.515812,28.84666,675.2723,13.506087,265.2727,19.457056,19.717432,266.81702,5.5621595,132.97609,131.64493,99.1627,35.022835,178.29039,334.7695,94.9978,42.91306,32.695145,31.703875,149.9545,102.70468,148.83505,6.458112,7.8935976,19.175264,207.61227,132.62628,2.2772658,139.5077,61.547634,50.72627,53.68514,68.46813,303.85382,39.325535,121.09661,40.796326,20.011127,76.34346,231.1837,92.52398,14.665565,72.79546,101.35707,73.688225,40.497482,157.39192,466.05716,31.005522,314.75665,129.2381,11.57962,226.92899,20.049206,11.025862,18.156345,143.53867,67.11791,98.368774,81.997086,156.19966,271.00052,2072.8862,51.858444,51.3942,197.5431,39.33142
2024-12-13,61.894127,40.600525,56.290863,94.29683,221.35507,255.45668,106.514206,3.5058484,82.01834,77.28706,149.67993,34.38393,24.551086,60.294914,16.62917,95.9196,52.903214,22.864328,127.51377,112.64788,114.10239,24.765823,124.36264,2.1074507,1.6548069,32.531895,28.693167,223.25325,55.346302,52.08757,40.146385,460.74985,129.77548,95.22485,53.33514,135.84639,157.94124,227.7497,19.000725,177.78387,139.88019,4.6613307,77.663376,25.020002,82.55282,230.21933,141.42308,10.459543,64.774635,163.17911,185.2075,2364.384,111.580696,126.80148,607.30365,32.514355,19.397976,28.617002,2.4753423,26.724285,39.650753,34.490906,9.937315,662.8388,148.12949,51.091476,58.94496,3891.6995,17.205067,61.84614,19.825768,143.43932,144.15872,75.69774,171.56973,59.498188,35.271816,46.261345,248.5606,7.2458115,58.41224,7.136922,139.02708,78.85684,40.700813,19.889957,35.912262,29.735737,297.46066,132.34212,102.30221,52.054214,12.929549,164.72276,14.265911,19.699572,72.45835,98.19535,55.718674,140.26103,108.04366,52.962933,188.28435,48.28833,202.87057,104.75612,174.97174,26.417618,37.076664,25.46628,53.492348,98.933304,20.656065,27.163424,40.12558,38.216084,14.408471,3.206296,81.64779,33.877953,134.57063,167.19714,42.25679,46.256493,29.49242,207.11887,17.493528,28.78533,670.36365,13.443972,263.2488,19.479555,19.59467,264.68173,5.5749955,132.75299,130.84064,98.33527,34.761726,176.97641,332.65402,94.75335,42.607086,32.670105,31.49993,149.40552,101.961716,147.6535,6.370692,7.895117,19.1305,206.76051,131.68611,2.2835832,138.88646,61.188747,50.421,53.41817,68.194695,301.6026,39.176983,120.480515,40.50679,19.93559,75.7273,231.33327,91.716034,14.619628,72.233894,100.743484,73.83207,40.183815,157.0354,462.99875,30.866938,313.2954,128.6261,11.448142,225.24986,19.948635,10.994292,18.10752,142.61803,66.805855,98.11693,81.59142,155.08603,269.0697,2056.174,51.518276,51.236446,196.27376,39.203617
2024-12-14,61.77987,40.536354,56.144222,93.923355,220.66429,255.38425,106.23834,3.4373844,81.351585,77.36201,149.29636,34.367325,24.502813,59.945034,16.538063,93.9906,52.73724,22.939121,126.938644,111.34657,112.787994,24.631037,123.58009,2.10801,1.6496887,32.52203,28.722214,221.87558,54.89211,52.099293,40.16091,456.87604,128.67433,94.00052,52.857666,135.29959,158.04051,225.55777,19.006842,177.02208,139.23163,4.156427,77.32207,25.082222,82.13903,228.76859,140.9862,10.4751625,64.38648,161.8009,183.50032,2346.7192,111.07814,126.34287,609.7789,32.237103,19.474558,28.490602,2.2276165,26.775625,39.58828,34.50711,8.919613,655.72095,147.09378,50.742035,58.323734,3863.8965,17.150328,61.383068,19.82144,142.02744,143.37971,74.986755,170.75728,59.34389,35.372353,45.93357,246.99559,7.0188,58.3536,7.140026,137.95589,78.33188,40.807526,19.893887,35.822117,29.891155,295.48163,131.87973,101.4346,51.9228,12.775266,163.22617,14.319397,19.636818,72.4507,98.661514,55.713657,140.52385,107.51805,52.80104,187.05432,48.010387,202.10638,104.12015,173.48837,26.352774,37.080696,25.4393,53.491566,98.99431,20.612135,27.139805,40.09633,38.317173,14.388046,3.1516678,80.75791,33.845936,133.94063,167.81084,42.158962,46.181824,29.252935,206.61684,17.512774,28.859354,666.89545,13.447379,262.61588,19.164928,19.476557,263.2552,5.42878,132.36955,129.80997,98.41874,34.693745,176.52048,332.66522,93.93447,42.22022,32.617283,31.648434,148.15843,101.501526,146.64265,5.6011777,7.5096025,19.170244,207.46124,130.53432,2.2688272,138.37994,61.221813,50.22447,53.02101,68.10818,299.3843,39.191257,119.75744,40.341427,19.967558,75.239624,230.35776,91.352715,13.586081,71.749504,100.00827,73.09354,40.034405,156.52805,461.88046,30.885529,313.6251,128.48398,10.193195,224.97911,19.932398,10.972707,18.080126,142.21968,66.49962,98.057045,80.6391,154.09946,266.73563,2043.0375,50.98544,51.16302,194.58609,39.27261
2024-12-15,62.269196,40.745655,56.285637,94.64047,220.35768,257.30374,107.17855,3.4625888,80.83333,77.91667,148.4844,34.69535,24.792566,60.59175,16.328278,94.99641,52.68194,22.880587,126.134155,111.17107,112.599945,24.43526,123.33517,2.1263545,1.6274233,32.365803,28.778992,220.45747,54.68751,52.563408,40.369717,453.40445,127.58937,94.98472,52.5455,135.50137,158.2666,224.10889,19.080963,176.3317,140.29378,4.6076875,77.212265,25.139341,81.991844,227.40514,139.93338,10.546751,63.95011,161.32582,182.30774,2336.8708,110.84435,126.32187,606.6889,31.971819,19.497055,28.306437,2.4419448,26.72716,39.84549,34.703457,9.796183,651.6362,146.14989,50.44568,59.38371,3836.2424,17.303661,60.9659,19.989841,141.9066,142.41846,74.480835,170.25854,59.705048,35.442474,45.85989,245.36783,7.1353054,58.88289,7.1840787,136.93759,77.78591,41.035767,20.018023,35.69634,29.955252,294.18787,131.49522,100.93556,52.1645,12.732151,162.22124,14.339727,19.518925,72.56587,98.705025,55.536816,141.15651,107.25278,52.626244,186.20853,47.64356,201.38261,103.416275,172.35654,26.291117,37.05128,25.416847,53.76603,98.850586,20.595804,27.213118,40.13579,38.361263,14.456445,3.2036688,80.715935,33.917908,133.76764,168.18272,42.317604,45.927307,29.139431,205.16257,17.642376,29.10146,663.11884,13.508432,261.17776,19.29224,19.388144,261.43423,5.4913855,133.01913,129.1608,97.864914,34.504715,175.6351,331.78833,94.14847,41.907352,32.784176,31.805563,147.84746,100.95423,145.49643,6.3085365,7.7902107,19.222067,208.4189,129.62575,2.2454834,138.34213,61.21349,50.082684,52.867085,68.23992,297.33838,39.308826,119.4805,40.125244,20.163849,74.63746,232.27953,90.62101,14.412641,71.23511,99.45781,72.85408,39.786697,157.14441,460.2087,31.010885,314.2863,128.59338,11.35575,224.07794,19.962667,11.09011,18.187283,141.71059,66.411896,98.64599,80.212944,153.1857,264.86813,2027.1483,50.635216,51.351776,193.39534,39.283524
2024-12-16,62.18265,40.761913,56.416103,94.53255,221.41225,256.99518,106.94114,3.4460886,81.50273,77.85501,149.58852,34.608795,24.663076,60.13353,16.738716,94.83002,52.91543,22.996233,127.185104,111.79014,113.23342,24.672512,124.045715,2.1206415,1.6616615,32.59606,28.846994,222.33917,55.054222,52.414143,40.391174,457.66046,128.85449,94.73477,52.991013,135.90147,158.75822,226.07465,19.122416,177.51761,140.15741,4.585958,77.57731,25.211971,82.43015,229.26659,141.20099,10.539163,64.49326,162.33588,183.90166,2353.4004,111.45588,126.826935,610.97797,32.28555,19.552485,28.547628,2.4416964,26.845213,39.81955,34.680046,9.7901535,657.25635,147.41637,50.86068,58.520054,3872.0,17.262474,61.501526,19.939316,142.58237,143.65157,75.141556,171.25975,59.68537,35.546772,46.092342,247.52594,7.26253,58.71516,7.174663,138.22067,78.483055,41.015923,20.005884,35.911285,29.948498,296.27292,132.25644,101.720436,52.24973,13.012703,163.61261,14.34868,19.675426,72.77729,98.79424,55.879032,140.80843,107.874435,52.95728,187.5314,48.08383,202.6585,104.33006,173.85526,26.44284,37.222538,25.5354,53.79925,99.33688,20.682394,27.26129,40.272217,38.470978,14.474517,3.1568809,81.09091,33.988045,134.41399,168.50287,42.374016,46.279118,29.34436,206.91211,17.619793,29.047827,668.4642,13.520274,263.19992,19.353943,19.527704,263.76907,5.597636,133.08958,130.15141,98.57428,34.767544,176.9608,333.61426,94.42054,42.306393,32.808933,31.724401,148.65463,101.75852,146.89017,6.2552824,7.880977,19.272608,208.59314,130.79582,2.2979941,138.88303,61.44488,50.372173,53.18725,68.4104,299.97034,39.381325,120.14306,40.42077,20.010733,75.365074,231.8754,91.4838,14.51276,71.894936,100.2313,74.234146,40.11633,157.35513,463.21323,31.048332,314.95898,129.03462,11.262499,225.519,20.022497,10.990601,18.18386,142.648,66.73744,98.63295,80.83631,154.4845,267.25522,2046.3248,51.09509,51.429543,195.02722,39.4725
2024-12-17,61.939404,40.55035,56.133785,93.97652,219.6706,255.73598,106.6259,3.4234216,80.5083,77.32089,147.77542,34.513924,24.549843,60.202423,16.562593,94.06705,52.50923,22.789034,125.39115,110.60782,112.027954,24.276253,122.53842,2.1242483,1.6535915,32.254265,28.660627,219.03726,54.419773,52.470005,40.47563,450.64746,126.75206,94.73059,52.19594,134.77423,157.63098,222.82181,19.140045,175.27856,139.50523,4.76915,76.93581,25.237597,81.475266,226.11609,139.06111,10.490118,63.704334,160.91385,181.18613,2323.0696,110.54446,125.72586,603.09015,31.792425,19.59205,28.16108,2.522868,26.957653,39.87266,34.680984,10.146481,647.6725,145.38824,50.132633,58.573902,3809.654,17.235846,60.598118,19.965435,141.1767,141.5221,74.04504,169.60104,59.570957,35.58125,45.760418,243.86057,7.2292085,58.733044,7.1874566,136.06145,77.290535,41.045174,20.02512,35.603592,30.07472,292.5133,130.82092,100.27625,52.32315,12.8724785,161.21156,14.411511,19.410696,72.28444,99.257195,55.347473,141.34763,106.93443,52.34464,185.32484,47.389713,200.60918,102.78124,171.30647,26.147709,36.875427,25.360197,53.866295,98.264145,20.561405,27.131771,39.93046,38.252083,14.486004,3.153535,80.60725,33.840054,133.31746,167.29126,42.086933,45.635315,28.952063,204.10709,17.512844,28.93924,658.8127,13.515856,259.9728,19.160717,19.304113,259.7283,5.539317,132.46962,128.35704,97.380806,34.28686,174.4826,329.71573,94.211815,41.645782,32.860035,31.876608,147.52502,100.2974,144.56229,6.5467033,7.8798184,19.296705,207.23091,128.82375,2.2749393,137.89873,61.013805,49.87946,52.616566,68.06993,295.4847,39.158604,118.89133,39.94953,20.129282,74.1393,231.31892,90.02098,14.729987,70.801895,99.13914,73.09668,39.624905,156.17763,457.22775,30.974949,313.25348,128.39597,11.712902,223.28433,19.955648,11.044727,18.162195,141.04358,66.14131,98.32393,79.91472,152.12157,263.35565,2014.0697,50.326065,51.188866,192.75249,39.50715
2024-12-18,62.211353,40.794666,56.413418,94.9805,221.72046,256.95697,107.09467,3.4745429,81.91688,77.8645,150.07808,34.641254,24.798996,60.27169,16.77193,96.05151,53.01615,23.007257,127.67161,112.362366,113.81594,24.750134,124.47391,2.1253412,1.6552026,32.59927,28.871927,223.35103,55.34961,52.62352,40.339222,460.03168,129.44498,95.3705,53.289913,136.41359,158.53625,227.32843,19.091076,178.27501,140.44078,4.6765156,77.8001,25.156033,82.81387,230.30711,141.59639,10.5262785,64.731964,162.73468,184.9649,2365.4038,111.62011,127.1914,610.8877,32.419178,19.508503,28.621986,2.4823995,26.806936,39.872074,34.753704,9.949217,661.279,147.97183,51.114304,59.12965,3888.5767,17.290182,61.82112,19.96782,143.43414,144.25583,75.56663,171.73425,59.688732,35.48037,46.19467,248.35335,7.29132,58.7963,7.188364,138.81654,78.81767,41.077816,20.02353,35.96725,30.01227,297.70547,132.84265,102.28123,52.228172,13.022763,164.52933,14.378674,19.73596,72.711555,98.90806,55.834515,140.88045,108.01446,53.0979,188.38882,48.251747,203.05144,104.75957,174.8156,26.48101,37.191006,25.502775,53.7707,99.47341,20.715872,27.288284,40.26722,38.43054,14.466125,3.1990697,81.32378,34.053997,134.66492,168.67336,42.48931,46.392593,29.513147,207.45175,17.649466,29.030773,671.22906,13.492133,263.48672,19.549606,19.585165,264.77124,5.6202626,133.26965,130.83835,98.76705,34.829426,177.46059,334.5421,94.53727,42.498066,32.804108,31.858364,149.14604,102.10881,147.48401,6.4027047,7.9521475,19.224804,208.18935,131.50323,2.299672,139.24107,61.479797,50.543777,53.435272,68.410645,301.4909,39.346367,120.68849,40.569283,20.14916,75.6326,232.27933,91.75047,14.675996,72.15448,100.510666,74.216774,40.1693,157.77794,464.7286,30.997133,314.8802,128.88435,11.52216,225.88255,19.98723,11.065297,18.179749,142.76463,66.8967,98.569565,81.31394,155.0926,268.62158,2055.0056,51.382042,51.403564,195.74976,39.31342
2024-12-19,62.493942,40.884796,56.673782,94.30402,222.26341,258.28342,107.39576,3.442839,81.77358,78.08048,150.22525,34.75324,24.647453,60.167347,16.976606,94.604546,53.096214,23.107046,127.69999,111.938576,113.38075,24.81417,124.39241,2.1300113,1.6848867,32.801685,28.916111,223.0904,55.102337,52.57571,40.65939,459.2634,129.48616,94.63407,53.07783,135.90224,159.53775,226.6018,19.241982,177.82823,140.61224,4.695803,77.79211,25.356419,82.49177,229.97995,142.04517,10.588499,64.828415,163.14078,184.30386,2356.9734,111.91462,127.048904,615.12427,32.463078,19.677376,28.693375,2.5005493,27.079405,40.118557,34.910213,10.066613,658.52356,147.99872,50.9782,58.46096,3886.7688,17.369238,61.68494,20.09443,142.55951,144.22025,75.34079,171.85304,60.064102,35.747402,46.301384,248.71237,7.3934207,59.117947,7.200842,138.82909,78.80523,41.256798,20.15794,36.100647,30.174803,296.85968,132.43881,101.851776,52.523952,13.213952,163.94565,14.457476,19.764908,73.119484,99.68537,56.199574,141.71254,108.36449,53.11665,187.93881,48.35435,203.6186,104.73768,174.29234,26.536287,37.40761,25.693289,54.2011,99.63159,20.757015,27.341848,40.437836,38.635006,14.581762,3.156166,81.45115,34.062084,134.90485,168.76291,42.40438,46.51899,29.354143,208.19623,17.611313,29.144833,670.5273,13.616696,264.77133,19.240875,19.614038,264.88187,5.663084,133.49503,130.40134,99.14529,34.998913,177.68466,334.68793,95.05847,42.47906,33.053955,31.917868,149.13228,102.10874,147.6221,6.3870745,7.971698,19.388561,209.48044,131.18523,2.3333695,139.22478,61.6463,50.484135,53.266273,68.7015,300.90912,39.55932,120.27588,40.58767,20.073303,75.78789,233.05893,92.06257,14.799081,72.232254,100.7629,74.24354,40.368565,157.5086,464.49185,31.229362,316.27383,129.7837,11.461448,226.55118,20.159613,11.006476,18.287262,143.35048,66.92393,99.139496,81.008934,155.01566,268.15335,2055.991,51.22147,51.669163,195.87857,39.721733
2024-12-20,61.899048,40.87672,56.592823,95.54513,224.16568,255.65005,106.53567,3.5275118,83.98251,77.796555,152.97816,34.407448,24.778759,60.588688,17.486233,97.090614,53.61229,23.210245,130.66615,114.68901,116.195015,25.383852,126.62703,2.112514,1.7309018,33.02195,29.030779,229.10138,56.646526,52.42203,40.064724,473.47733,133.30986,95.611534,54.812614,138.20319,159.08763,233.83636,19.020697,182.02812,140.35393,4.079342,78.87239,25.117489,84.381805,235.99724,144.82678,10.478997,66.17775,165.16508,190.3491,2421.889,113.003914,128.8815,618.16815,33.326584,19.471115,29.240705,2.2088735,26.858948,39.55999,34.637997,8.812791,680.8727,151.58765,52.443344,59.66959,3996.122,17.142744,63.531967,19.758047,146.33551,147.88403,77.758965,174.4971,59.393875,35.437508,46.75168,254.37158,7.362002,58.178364,7.170269,142.62811,80.90232,40.885826,19.861217,36.42936,30.10187,304.60635,135.3318,105.00157,52.160133,13.522586,169.217,14.395842,20.152401,72.9963,99.11841,56.395798,141.59235,109.40349,54.010616,192.61858,49.441193,206.1482,107.430176,179.76758,26.863674,37.47817,25.63389,53.367115,100.66889,20.90213,27.41211,40.537483,38.547306,14.375253,3.2339745,82.27226,34.24974,136.31093,169.60373,42.816433,47.265743,30.259005,211.69292,17.665129,28.873688,687.265,13.4134445,267.88593,19.822842,19.961733,271.4913,5.7280602,133.6047,134.18167,100.35264,35.433372,180.94302,339.41837,94.76215,43.708458,32.56938,31.848413,151.45445,104.396904,151.4987,5.4277124,7.8041553,19.17259,207.93246,135.3047,2.398703,140.85974,61.96682,51.403755,54.538036,68.675156,309.8171,39.41058,123.01086,41.384693,20.207695,77.649704,231.09233,93.990364,13.847608,74.003235,102.48564,76.859375,40.899353,159.02315,473.28314,30.901014,315.91882,129.20432,9.985597,229.1415,19.97453,11.129459,18.101036,144.81723,67.82414,98.22556,83.4458,158.97238,276.18018,2111.0366,52.92925,51.448322,200.22968,39.32486
2024-12-21,62.608707,41.02181,56.754593,95.21373,222.12454,258.5203,107.788345,3.507856,81.42636,78.23868,149.06136,34.796364,24.819832,60.474438,16.73271,96.771416,53.09814,22.946596,126.67697,112.41891,113.85626,24.543789,124.21209,2.1295416,1.6752136,32.539474,28.922037,221.50682,55.11405,52.53836,40.567806,456.01355,128.2858,96.03257,52.876534,136.44319,159.27673,225.69298,19.135231,177.16507,141.29575,4.823462,77.83023,25.184818,82.442474,228.63924,140.38188,10.594022,64.34766,163.05783,183.48999,2352.7173,111.79344,127.224396,607.2306,32.182438,19.5405,28.461699,2.5534983,26.890892,39.999413,34.708313,10.306367,656.718,147.10722,50.7131,59.147903,3855.9204,17.401587,61.304935,20.058624,143.27509,143.05077,74.981926,171.55707,60.137577,35.501057,46.351826,246.81367,7.314804,59.153034,7.203919,137.72424,78.199715,41.03104,20.068272,35.94536,29.981031,296.02078,132.09329,101.575935,52.294502,13.021766,163.27927,14.37577,19.599018,73.062645,98.95046,55.891247,141.18262,108.20466,52.918198,187.48102,47.89537,202.81348,103.925316,173.40945,26.451523,37.284527,25.614225,53.988197,99.21684,20.744982,27.404997,40.40187,38.564793,14.518498,3.2120762,81.776436,34.138485,134.9426,168.6995,42.587425,46.06347,29.325035,205.89798,17.712172,29.196344,666.10944,13.603833,262.6847,19.661032,19.532677,262.61978,5.585002,134.04375,129.9708,98.08478,34.63354,176.2403,332.54614,95.26918,42.19392,32.959663,31.79702,149.44778,101.39133,146.23663,6.6003156,7.934179,19.272234,209.26476,130.42416,2.3034463,139.42438,61.56759,50.39722,53.294018,68.76084,298.9246,39.566185,120.34791,40.33325,20.103155,75.01053,233.80919,90.93607,14.884154,71.63413,100.36136,74.48716,40.04532,158.24025,461.80124,31.214533,316.20404,129.6039,11.788353,225.28188,20.12113,11.062803,18.317232,142.67238,66.94583,99.26093,81.03591,153.98634,266.61407,2036.5737,50.995808,51.73444,195.08098,39.412155
2024-12-22,62.34698,40.92361,56.66895,94.78022,222.41873,257.50577,107.29631,3.4750237,81.85258,77.99924,150.0238,34.65084,24.642872,60.32038,16.858814,96.81793,53.166527,23.061592,127.51443,112.25879,113.70821,24.719204,124.36151,2.1228788,1.6793203,32.699203,28.944193,222.88504,55.27682,52.404198,40.502945,458.96222,129.1687,95.23438,53.132664,136.43753,159.2678,226.80351,19.136261,178.01225,140.6262,4.968672,77.94963,25.230125,82.66446,229.9548,141.4683,10.5627775,64.73241,163.03156,184.4709,2361.2444,111.94574,127.36295,611.73004,32.382465,19.602043,28.628407,2.6184886,27.08358,39.90215,34.700344,10.500674,659.4654,147.86398,50.997227,58.709473,3879.9434,17.313942,61.687252,19.9828,143.21994,144.00644,75.38826,172.00824,59.93702,35.577,46.32372,248.15378,7.3647556,58.878918,7.1968246,138.5575,78.688,41.017643,20.03081,36.074745,30.230247,297.2618,132.6835,101.99642,52.263668,13.102931,164.09744,14.478656,19.727198,73.044075,99.840576,56.06308,141.98032,108.34727,53.11953,188.26495,48.222145,203.47691,104.584984,174.39095,26.520159,37.333992,25.632082,53.90022,99.56964,20.781654,27.394747,40.398006,38.616825,14.498005,3.1821206,81.535965,34.15351,135.03319,168.99408,42.535667,46.36211,29.428371,207.43309,17.647972,29.100624,669.9971,13.578032,263.9577,19.720837,19.601213,264.36115,5.671976,133.67645,130.53882,98.81338,34.84021,177.26724,334.25366,94.95068,42.41836,32.895126,31.96555,149.46706,101.95577,147.22998,6.8734894,8.120486,19.29595,208.99712,131.18451,2.312426,139.57741,61.69483,50.57408,53.412415,68.73313,300.80624,39.525,120.634834,40.565796,20.149046,75.516975,232.7262,91.650635,15.178563,72.06417,100.68066,75.28907,40.246296,157.90582,464.10806,31.17558,316.35828,129.57394,12.284653,226.36221,20.110205,11.0576105,18.268005,143.08652,67.02667,99.00438,81.236916,154.7985,268.1249,2051.1653,51.24977,51.636356,195.82962,39.51343
2024-12-23,62.48228,40.991096,56.721283,95.27165,223.08427,258.22897,107.44121,3.4795644,82.50611,78.31868,151.1798,34.79939,24.905773,60.602592,16.856958,95.2505,53.321087,23.165144,128.71774,113.051384,114.517006,24.990507,125.34429,2.1337514,1.6738355,32.866425,29.030258,225.20583,55.706066,52.774357,40.544395,464.05777,130.71362,95.39222,53.72303,137.08679,159.64854,229.1776,19.215866,179.50668,140.9785,4.9015684,78.24261,25.337791,83.31703,232.11412,142.89474,10.585064,65.23358,163.80006,186.46365,2382.0537,112.34598,127.91773,616.21515,32.725372,19.650646,28.87043,2.5946083,26.982204,40.02517,34.929096,10.433141,666.5409,149.22029,51.515697,59.275906,3924.4697,17.338772,62.32538,20.033115,144.15845,145.46869,76.18505,172.86119,59.93619,35.726177,46.457214,250.5953,7.4200044,58.95847,7.220092,140.08797,79.51119,41.2762,20.112411,36.204956,30.143478,299.81683,133.64307,103.065636,52.540993,13.178045,165.8621,14.435537,19.896566,73.18965,99.426544,56.28415,141.8263,108.7561,53.479507,189.68454,48.681587,204.5147,105.660355,176.23045,26.682076,37.477745,25.68352,54.037037,100.16841,20.824215,27.41681,40.54566,38.669853,14.542412,3.201729,81.73241,34.19504,135.49306,169.57346,42.68292,46.77851,29.718184,209.21394,17.738514,29.19344,676.6604,13.567908,265.74078,19.37947,19.73422,267.12244,5.6908383,133.84268,131.82596,99.5299,35.13518,178.90567,336.79083,94.97127,42.889286,32.952187,31.913343,149.97835,102.966,148.86154,6.731249,8.098612,19.3625,209.62561,132.61214,2.3187854,139.97,61.85077,50.85801,53.771603,68.78261,304.00116,39.580822,121.40344,40.85875,20.17529,76.36703,233.02606,92.633316,15.138533,72.816536,101.27691,74.34562,40.51987,158.54297,468.13156,31.173458,316.66458,129.68977,12.02987,227.48492,20.110645,11.094415,18.256718,143.9191,67.316574,99.05686,81.859795,156.4531,270.8768,2073.7485,51.827854,51.68376,197.25893,39.64208
2024-12-24,63.104347,41.343323,57.35537,95.50287,225.04836,260.70233,108.49259,3.4932964,83.14362,78.78924,152.26009,35.04707,24.908146,60.54238,17.25148,96.50998,53.760406,23.338737,129.56552,113.905045,115.37454,25.184782,126.186,2.146317,1.7098013,33.17782,29.232845,226.58789,56.02883,53.013275,40.92922,467.16916,131.68051,96.03682,54.01478,137.77127,161.20792,230.68787,19.341356,180.38417,142.20169,4.793047,78.840836,25.502966,83.697815,233.6004,143.97954,10.69192,65.82459,165.64578,187.59187,2395.067,113.42694,128.73071,620.7603,33.00818,19.79329,29.099607,2.5503855,27.231651,40.34734,35.110134,10.246818,670.72003,150.35938,51.80607,58.83591,3949.7222,17.526024,62.711098,20.22517,144.9759,146.39864,76.6858,174.22871,60.68657,35.968517,46.967815,252.4923,7.517183,59.58745,7.26164,141.12425,80.051636,41.53416,20.268827,36.545757,30.405363,301.56143,134.34084,103.616295,52.732742,13.420602,166.85362,14.560537,20.034452,73.911255,100.3262,56.818123,142.38962,109.827286,53.81245,190.88933,49.088684,206.29042,106.371735,177.3115,26.867994,37.80455,25.981009,54.5169,100.72663,21.017353,27.653461,40.886486,39.007645,14.66155,3.1807008,82.76607,34.468517,136.70863,170.38554,42.926655,47.101254,29.853556,210.94106,17.799011,29.412434,680.53564,13.743107,268.0717,19.713692,19.904701,268.8535,5.774866,135.06412,132.58762,100.26139,35.435574,180.00624,338.68744,96.292404,43.21227,33.255154,32.16313,151.46402,103.60944,149.98364,6.5326757,8.152637,19.500349,211.41426,133.47375,2.3686068,141.06033,62.328026,51.19505,54.11452,69.491974,305.8961,39.97478,122.08333,41.167404,20.21317,76.96312,235.42474,93.34936,15.0976305,73.37105,102.29106,76.0711,40.90493,159.43222,470.66788,31.539785,319.51083,131.226,11.738391,229.28502,20.369392,11.079724,18.476995,145.12991,67.83702,100.18453,82.519455,157.41444,272.77856,2088.4285,52.16668,52.25926,199.13326,39.91662
